{"cameraMode":{"drawMode":0,"name":"Shaded","section":"Shading Mode"},"sceneLighting":true,"audioPlay":false,"sceneViewState":{"m_AlwaysRefresh":false,"showFog":true,"showSkybox":true,"showFlares":true,"showImageEffects":true,"showParticleSystems":true,"showVisualEffectGraphs":true,"m_FxEnabled":true},"in2DMode":false,"pivot":{"x":-14.738204956054688,"y":9.519454956054688,"z":36.95819091796875},"rotation":{"x":0.0883757695555687,"y":0.014046716503798962,"z":-0.0012463300954550505,"w":0.9959877729415894},"size":68.54975128173828,"orthographic":false}